195166102443,"Magic the Gathering","Kamigawa Neon Dynasty","Draft Booster","Box",1
195166104980,"Magic the Gathering","Kamigawa Neon Dynasty","Set Booster","Box",2
195166105338,"Magic the Gathering","Kamigawa Neon Dynasty","Collector Booster","Box",3
195166120195,"Magic the Gathering","Streets of New Capenna","Draft Booster","Box",4
195166121048,"Magic the Gathering","Streets of New Capenna - The Brokers","Pre Release ","Box",5
195166121925,"Magic the Gathering","Streets of New Capenna","Set Booster","Box",6
195166122076,"Magic the Gathering","Streets of New Capenna","Collector Booster","Box",7
195166125213,"Magic the Gathering","Modern Horizons 2","Set Booster","Box",8
195166128238,"Magic the Gathering","Dominaria United","Collector Booster","Box",9
195166128542,"Magic the Gathering","Dominaria United","Draft Booster","Box",10
195166129075,"Magic the Gathering","Dominaria United","Set Booster","Box",11
195166138817,"Magic the Gathering","Gruul Stompy","Challenger Deck","Box",12
195166150581,"Magic the Gathering","The Brothers War","Draft Booster","Box",13
195166150604,"Magic the Gathering","The Brothers War","Prerelease","Box",14
195166150659,"Magic the Gathering","The Brothers War","Set Booster","Box",15
195166151243,"Magic the Gathering","The Brothers War","Collector Booster","Box",16
195166152493,"Magic the Gathering","Unfinity","Draft Booster","Box",17
195166158327,"Magic the Gathering","Innistrad Double Feature","Draft Booster","Box",18
195166168661,"Magic the Gathering","Double Masters 2022","Draft Booster","Box",19
195166168951,"Magic the Gathering","Double Masters 2022","Collector Booster","Box",20
195166170749,"Magic the Gathering","Unfinity","Collector Booster","Box",21
195166173467,"Magic the Gathering","Warhammer 40,000 - Necron Dynasties","Commander","Box",22
195166173467,"Magic the Gathering","Warhammer 40,000 - The Ruinous Powers","Commander","Box",23
195166173467,"Magic the Gathering","Warhammer 40,000 - Forces of the Imperium","Commander","Box",24
195166173467,"Magic the Gathering","Warhammer 40,000 - Tyranid Swarm","Commander","Box",25
195166176987,"Magic the Gathering","Jumpstart 2022","Booster","Box",26
195166181127,"Magic the Gathering","D&D Battle for Baldurs Gate","Draft Booster","Box",27
195166181363,"Magic the Gathering","D&D Battle for Baldurs Gate","Set Booster","Box",28
195166181714,"Magic the Gathering","D&D Battle for Baldurs Gate","Collector Booster","Box",29
195166182094,"Magic the Gathering","D&D Battle for Baldurs Gate","Pre Release","Box",30
195166184845,"Magic the Gathering","Phyrexia All Will Be One","Draft Booster","Box",31
195166185019,"Magic the Gathering","Phyrexia All Will Be One","Set Booster","Box",32
195166185163,"Magic the Gathering","Phyrexia All Will Be One","Collector Booster","Box",33
195166200552,"Magic the Gathering","Dominaria Remastered","Draft Booster","Box",34
195166200682,"Magic the Gathering","Dominaria Remastered","Collector Booster","Box",35
195166204932,"Magic the Gathering","The Lord of the Rings Tales of Middle Earth","Draft Booster","Box",36
195166205007,"Magic the Gathering","The Lord of the Rings Tales of Middle Earth","Set Booster","Box",37
195166205038,"Magic the Gathering","The Lord of the Rings Tales of Middle Earth","Collector Booster","Box",38
195166207094,"Magic the Gathering","March of the Machine","Draft Booster","Box",39
195166207247,"Magic the Gathering","March of the Machine","Set Booster","Box",40
195166208350,"Magic the Gathering","March of the Machine","Collector Booster","Box",41
195166213903,"Magic the Gathering","March of the Machine : The Aftermath","Collector Booster","Box",42
195166216683,"Magic the Gathering","Commander Masters","Collector Booster","Box",43
195166216805,"Magic the Gathering","Commander Masters","Set Booster","Box",44
195166217208,"Magic the Gathering","Commander Masters","Draft Booster","Box",45
195166228846,"Magic the Gathering","Universes Beyond Doctor Who","Collector Booster","Box",46
195166229133,"Magic the Gathering","Ravnica Remastered","Draft Booster","Box",47
195166229270,"Magic the Gathering","Ravnica Remastered","Collector Booster","Box",48
195166229669,"Magic the Gathering","The Lost Caverns of Ixalan","Draft Booster","Box",49
195166229874,"Magic the Gathering","The Lost Caverns of Ixalan","Set Booster","Box",50
195166229973,"Magic the Gathering","The Lost Caverns of Ixalan","Collector Booster","Box",51
195166231631,"Magic the Gathering","Wilds of Eldraine","Draft Booster","Box",52
195166231808,"Magic the Gathering","Wilds of Eldraine","Set Booster","Box",53
195166231938,"Magic the Gathering","Wilds of Eldraine","Collector Booster","Pack",54
195166231945,"Magic the Gathering","Wilds of Eldraine","Collector Booster","Box",55
630509550609,"Magic the Gathering","Rivals of Ixalan","Booster","Box",56
630509571857,"Magic the Gathering","Iconic Masters","Booster","Box",57
630509598793,"Magic the Gathering","Dominaria","Booster","Box",58
630509632244,"Magic the Gathering","Exquisite Invention","Commander","Box",59
630509668564,"Magic the Gathering","Guilds of Ravnica","Booster","Box",60
630509673162,"Magic the Gathering","Ravnica Allegiance","Booster","Box",61
630509755370,"Magic the Gathering","War of the Spark","Booster","Box",62
630509774708,"Magic the Gathering","Core 2020","Booster","Box",63
630509777716,"Magic the Gathering","Modern Horizons","Booster","Box",64
630509785223,"Magic the Gathering","Throne of Eldraine","Booster","Box",65
630509792528,"Magic the Gathering","Theros Beyond Death","Booster","Box",66
630509796434,"Magic the Gathering","Commander Legends","Draft Booster","Box",67
630509829972,"Magic the Gathering","Throne of Eldraine","Collector Booster","Box",68
630509848898,"Magic the Gathering","Theros Beyond Death","Collector Booster","Box",69
630509896752,"Magic the Gathering","Mystery Booster (retail edition)","Booster","Box",70
630509900497,"Magic the Gathering","Ikoria","Booster","Box",71
630509901074,"Magic the Gathering","Ikoria (Japanese)","Draft Booster","Box",72
630509902521,"Magic the Gathering","Core 2021","Booster","Box",73
630509905461,"Magic the Gathering","Ikoria","Collector Booster","Box",74
630509905904,"Magic the Gathering","Zendikar Rising","Draft Booster","Box",75
630509907106,"Magic the Gathering","Ikoria (Japanese)","Collector Booster","Box",76
630509907625,"Magic the Gathering","Kaldheim","Draft Booster","Box",77
630509914753,"Magic the Gathering","Core 2021","Collector Booster","Box",78
630509916375,"Magic the Gathering","Zendikar Rising","Pre Release ","Box",79
630509917716,"Magic the Gathering","Jumpstart","Booster","Box",80
630509917877,"Magic the Gathering","Zendikar Rising","Collector Booster","Box",81
630509921768,"Magic the Gathering","Kaldheim","Collector Booster","Box",82
630509924745,"Magic the Gathering","Commander Legends","Collector Booster","Box",83
630509924936,"Magic the Gathering","Modern Horizons 2","Draft Booster","Box",84
630509925568,"Magic the Gathering","Modern Horizons 2","Collector Booster","Box",85
630509951529,"Magic the Gathering","Zendikar Rising","Set Booster","Box",86
630509957651,"Magic the Gathering","Strixhaven","Draft Booster","Box",87
630509958863,"Magic the Gathering","Strixhaven","Collector Booster","Box",88
630509971138,"Magic the Gathering","Kaldheim","Set Booster","Box",89
630509975679,"Magic the Gathering","Strixhaven","Set Booster","Box",90
630509981151,"Magic the Gathering","D&D Adventures in the Forgotten Realms","Draft Booster","Box",91
630509982721,"Magic the Gathering","D&D Adventures in the Forgotten Realms","Collector Booster","Box",92
630509982875,"Magic the Gathering","D&D Adventures in the Forgotten Realms","Set Booster","Box",93
630509984879,"Magic the Gathering","Timespiral Remastered","Draft Booster","Box",94
630509986446,"Magic the Gathering","Innistrad Midnight Hunt","Draft Booster","Box",95
630509987184,"Magic the Gathering","Innistrad Midnight Hunt","Set Booster","Box",96
630509987290,"Magic the Gathering","Innistrad Midnight Hunt","Collector Booster","Box",97
630509993468,"Magic the Gathering","Innistrad Crimson Vow","Draft Booster","Box",98
630509994489,"Magic the Gathering","Innistrad Crimson Vow","Set Booster","Box",99
630509994618,"Magic the Gathering","Innistrad Crimson Vow","Collector Booster","Box",100
653569507727,"Magic the Gathering","From the Vault : Relics","From the Vault","Box",101
653569933472,"Magic the Gathering","Khans of Tarkir","Booster","Box",102
9421905459303,"Flesh and Blood","Welcome to Rathe - Unlimited","Booster","Box",103
9421905459327,"Flesh and Blood","Arcane Rising - Unlimited","Booster","Box",104
